#{"t_start": 1651643486.392928, "env_id": "Walker2d-v3"}
r,l,t
-0.825975,23,4.514701
-0.181401,23,4.573104
-0.186959,24,4.63488
-0.382205,23,4.695698
-0.741153,23,4.755482
-1.003923,23,4.81752
-0.260426,24,4.879668
0.004626,24,4.939034
-0.492003,23,4.993055
-0.595066,23,5.053611
0.00457,24,5.115588
